{
  "users": [],
  "listings": [],
  "attendance": [],
  "schemes": [
    {
      "id": 1,
      "title": "PM-KISAN",
      "desc": "Direct income support to farmers."
    },
    {
      "id": 2,
      "title": "Soil Health Card",
      "desc": "Soil testing & advisory."
    },
    {
      "id": 3,
      "title": "FPO Support",
      "desc": "Support to Farmer Producer Organizations."
    }
  ],
  "weatherBackup": {
    "delhi": {
      "name": "Delhi",
      "main": {
        "temp": 30,
        "humidity": 40
      },
      "weather": [
        {
          "main": "Clear"
        }
      ]
    },
    "mumbai": {
      "name": "Mumbai",
      "main": {
        "temp": 29,
        "humidity": 70
      },
      "weather": [
        {
          "main": "Clouds"
        }
      ]
    }
  }
}